ID,Class
1,AGGRESSIVE
2,SLOW
3,SLOW
4,SLOW
5,SLOW
6,SLOW
7,SLOW
8,SLOW
9,SLOW
10,SLOW
11,SLOW
12,SLOW
13,SLOW
14,SLOW
15,SLOW
16,SLOW
17,SLOW
18,SLOW
19,SLOW
20,AGGRESSIVE
21,SLOW
22,SLOW
23,SLOW
24,SLOW
25,SLOW
26,SLOW
27,SLOW
28,SLOW
29,SLOW
30,SLOW
31,AGGRESSIVE
32,SLOW
33,SLOW
34,SLOW
35,SLOW
36,SLOW
37,SLOW
38,SLOW
39,SLOW
40,SLOW
41,SLOW
42,SLOW
43,SLOW
44,SLOW
45,SLOW
46,SLOW
47,SLOW
48,SLOW
49,SLOW
50,SLOW
51,SLOW
52,SLOW
53,SLOW
54,SLOW
55,SLOW
56,SLOW
57,SLOW
58,SLOW
59,SLOW
60,SLOW
61,SLOW
62,AGGRESSIVE
63,SLOW
64,SLOW
65,SLOW
66,SLOW
67,SLOW
68,AGGRESSIVE
69,AGGRESSIVE
70,SLOW
71,SLOW
72,SLOW
73,SLOW
74,SLOW
75,SLOW
76,SLOW
77,SLOW
78,AGGRESSIVE
79,SLOW
80,AGGRESSIVE
81,SLOW
82,SLOW
83,SLOW
84,AGGRESSIVE
85,SLOW
86,SLOW
87,SLOW
88,SLOW
89,AGGRESSIVE
90,AGGRESSIVE
91,SLOW
92,SLOW
93,SLOW
94,SLOW
95,SLOW
96,SLOW
97,SLOW
98,SLOW
99,SLOW
100,SLOW
101,SLOW
102,SLOW
103,AGGRESSIVE
104,SLOW
105,SLOW
106,SLOW
107,SLOW
108,SLOW
109,SLOW
110,SLOW
111,SLOW
112,SLOW
113,SLOW
114,SLOW
115,SLOW
116,SLOW
117,SLOW
118,SLOW
119,AGGRESSIVE
120,SLOW
121,SLOW
122,SLOW
123,AGGRESSIVE
124,SLOW
125,SLOW
126,SLOW
127,SLOW
128,SLOW
129,AGGRESSIVE
130,SLOW
131,SLOW
132,SLOW
133,SLOW
134,SLOW
135,SLOW
136,AGGRESSIVE
137,SLOW
138,SLOW
139,SLOW
140,SLOW
141,SLOW
142,SLOW
143,SLOW
144,AGGRESSIVE
145,SLOW
146,SLOW
147,SLOW
148,SLOW
149,SLOW
150,SLOW
151,SLOW
152,SLOW
153,SLOW
154,SLOW
155,SLOW
156,SLOW
157,SLOW
158,AGGRESSIVE
159,SLOW
160,SLOW
161,SLOW
162,SLOW
163,SLOW
164,SLOW
165,SLOW
166,SLOW
167,SLOW
168,SLOW
169,SLOW
170,SLOW
171,SLOW
172,SLOW
173,SLOW
174,SLOW
175,SLOW
176,SLOW
177,SLOW
178,AGGRESSIVE
179,SLOW
180,SLOW
181,SLOW
182,SLOW
183,SLOW
184,SLOW
185,SLOW
186,SLOW
187,SLOW
188,AGGRESSIVE
189,SLOW
190,SLOW
191,SLOW
192,SLOW
193,SLOW
194,AGGRESSIVE
195,SLOW
196,SLOW
197,SLOW
198,SLOW
199,SLOW
200,SLOW
201,SLOW
202,SLOW
203,SLOW
204,AGGRESSIVE
205,SLOW
206,SLOW
207,SLOW
208,SLOW
209,SLOW
210,SLOW
211,SLOW
212,SLOW
213,SLOW
214,SLOW
215,SLOW
216,SLOW
217,SLOW
218,SLOW
219,SLOW
220,SLOW
221,SLOW
222,SLOW
223,SLOW
224,SLOW
225,SLOW
226,SLOW
227,SLOW
228,SLOW
229,AGGRESSIVE
230,SLOW
231,SLOW
232,SLOW
233,SLOW
234,SLOW
235,SLOW
236,SLOW
237,SLOW
238,SLOW
239,SLOW
240,SLOW
241,SLOW
242,SLOW
243,SLOW
244,SLOW
245,AGGRESSIVE
246,SLOW
247,SLOW
248,SLOW
249,SLOW
250,AGGRESSIVE
251,SLOW
252,AGGRESSIVE
253,SLOW
254,SLOW
255,SLOW
256,SLOW
257,SLOW
258,AGGRESSIVE
259,AGGRESSIVE
260,SLOW
261,SLOW
262,AGGRESSIVE
263,SLOW
264,SLOW
265,SLOW
266,SLOW
267,SLOW
268,SLOW
269,SLOW
270,SLOW
271,SLOW
272,SLOW
273,SLOW
274,SLOW
275,SLOW
276,SLOW
277,SLOW
278,SLOW
279,SLOW
280,SLOW
281,SLOW
282,SLOW
283,SLOW
284,SLOW
285,SLOW
286,SLOW
287,SLOW
288,SLOW
289,SLOW
290,SLOW
291,AGGRESSIVE
292,SLOW
293,SLOW
294,SLOW
295,SLOW
296,SLOW
297,SLOW
298,AGGRESSIVE
299,SLOW
300,SLOW
301,SLOW
302,AGGRESSIVE
303,AGGRESSIVE
304,AGGRESSIVE
305,SLOW
306,SLOW
307,AGGRESSIVE
308,SLOW
309,SLOW
310,SLOW
311,SLOW
312,SLOW
313,AGGRESSIVE
314,SLOW
315,SLOW
316,SLOW
317,SLOW
318,SLOW
319,SLOW
320,SLOW
321,SLOW
322,SLOW
323,SLOW
324,SLOW
325,SLOW
326,SLOW
327,SLOW
328,AGGRESSIVE
329,AGGRESSIVE
330,SLOW
331,SLOW
332,SLOW
333,AGGRESSIVE
334,SLOW
335,SLOW
336,AGGRESSIVE
337,SLOW
338,SLOW
339,SLOW
340,SLOW
341,SLOW
342,SLOW
343,SLOW
344,SLOW
345,SLOW
346,AGGRESSIVE
347,SLOW
348,SLOW
349,SLOW
350,SLOW
351,SLOW
352,SLOW
353,SLOW
354,AGGRESSIVE
355,SLOW
356,SLOW
357,SLOW
358,SLOW
359,SLOW
360,SLOW
361,SLOW
362,SLOW
363,SLOW
364,AGGRESSIVE
365,AGGRESSIVE
366,AGGRESSIVE
367,SLOW
368,SLOW
369,SLOW
370,SLOW
371,SLOW
372,SLOW
373,SLOW
374,SLOW
375,SLOW
376,SLOW
377,AGGRESSIVE
378,SLOW
379,SLOW
380,SLOW
381,SLOW
382,SLOW
383,SLOW
384,SLOW
385,SLOW
386,SLOW
387,AGGRESSIVE
388,SLOW
389,AGGRESSIVE
390,AGGRESSIVE
391,SLOW
392,SLOW
393,SLOW
394,SLOW
395,SLOW
396,SLOW
397,AGGRESSIVE
398,SLOW
399,SLOW
400,SLOW
401,SLOW
402,SLOW
403,SLOW
404,AGGRESSIVE
405,AGGRESSIVE
406,AGGRESSIVE
407,AGGRESSIVE
408,AGGRESSIVE
409,AGGRESSIVE
410,AGGRESSIVE
411,AGGRESSIVE
412,AGGRESSIVE
413,SLOW
414,AGGRESSIVE
415,AGGRESSIVE
416,AGGRESSIVE
417,AGGRESSIVE
418,SLOW
419,AGGRESSIVE
420,SLOW
421,AGGRESSIVE
422,SLOW
423,SLOW
424,AGGRESSIVE
425,AGGRESSIVE
426,SLOW
427,SLOW
428,AGGRESSIVE
429,AGGRESSIVE
430,SLOW
431,SLOW
432,SLOW
433,AGGRESSIVE
434,SLOW
435,AGGRESSIVE
436,SLOW
437,AGGRESSIVE
438,AGGRESSIVE
439,SLOW
440,AGGRESSIVE
441,SLOW
442,SLOW
443,AGGRESSIVE
444,SLOW
445,SLOW
446,SLOW
447,SLOW
448,SLOW
449,SLOW
450,SLOW
451,SLOW
452,SLOW
453,SLOW
454,SLOW
455,SLOW
456,SLOW
457,SLOW
458,SLOW
459,SLOW
460,SLOW
461,SLOW
462,SLOW
463,SLOW
464,SLOW
465,SLOW
466,SLOW
467,SLOW
468,SLOW
469,AGGRESSIVE
470,SLOW
471,SLOW
472,SLOW
473,SLOW
474,SLOW
475,SLOW
476,SLOW
477,SLOW
478,SLOW
479,SLOW
480,SLOW
481,SLOW
482,SLOW
483,SLOW
484,SLOW
485,SLOW
486,SLOW
487,SLOW
488,SLOW
489,SLOW
490,SLOW
491,SLOW
492,SLOW
493,AGGRESSIVE
494,SLOW
495,SLOW
496,SLOW
497,SLOW
498,SLOW
499,SLOW
500,SLOW
501,SLOW
502,SLOW
503,SLOW
504,SLOW
505,SLOW
506,AGGRESSIVE
507,SLOW
508,SLOW
509,SLOW
510,SLOW
511,SLOW
512,SLOW
513,SLOW
514,SLOW
515,AGGRESSIVE
516,SLOW
517,SLOW
518,AGGRESSIVE
519,AGGRESSIVE
520,SLOW
521,SLOW
522,SLOW
523,SLOW
524,SLOW
525,SLOW
526,SLOW
527,SLOW
528,SLOW
529,SLOW
530,SLOW
531,SLOW
532,SLOW
533,SLOW
534,SLOW
535,SLOW
536,AGGRESSIVE
537,SLOW
538,SLOW
539,AGGRESSIVE
540,AGGRESSIVE
541,AGGRESSIVE
542,SLOW
543,SLOW
544,SLOW
545,SLOW
546,SLOW
547,SLOW
548,SLOW
549,SLOW
550,SLOW
551,AGGRESSIVE
552,AGGRESSIVE
553,AGGRESSIVE
554,SLOW
555,SLOW
556,AGGRESSIVE
557,SLOW
558,SLOW
559,SLOW
560,SLOW
561,AGGRESSIVE
562,AGGRESSIVE
563,AGGRESSIVE
564,SLOW
565,SLOW
566,AGGRESSIVE
567,SLOW
568,SLOW
569,SLOW
570,AGGRESSIVE
571,SLOW
572,SLOW
573,SLOW
574,SLOW
575,SLOW
576,SLOW
577,SLOW
578,SLOW
579,SLOW
580,SLOW
581,SLOW
582,SLOW
583,SLOW
584,SLOW
585,SLOW
586,SLOW
587,SLOW
588,AGGRESSIVE
589,SLOW
590,SLOW
591,AGGRESSIVE
592,AGGRESSIVE
593,SLOW
594,AGGRESSIVE
595,SLOW
596,AGGRESSIVE
597,SLOW
598,SLOW
599,AGGRESSIVE
600,SLOW
601,SLOW
602,SLOW
603,SLOW
604,SLOW
605,SLOW
606,AGGRESSIVE
607,SLOW
608,AGGRESSIVE
609,SLOW
610,SLOW
611,SLOW
612,SLOW
613,AGGRESSIVE
614,AGGRESSIVE
615,SLOW
616,SLOW
617,SLOW
618,SLOW
619,SLOW
620,SLOW
621,SLOW
622,SLOW
623,SLOW
624,SLOW
625,SLOW
626,SLOW
627,SLOW
628,SLOW
629,AGGRESSIVE
630,AGGRESSIVE
631,SLOW
632,SLOW
633,SLOW
634,AGGRESSIVE
635,SLOW
636,AGGRESSIVE
637,AGGRESSIVE
638,AGGRESSIVE
639,AGGRESSIVE
640,AGGRESSIVE
641,SLOW
642,SLOW
643,SLOW
644,SLOW
645,SLOW
646,AGGRESSIVE
647,SLOW
648,SLOW
649,AGGRESSIVE
650,AGGRESSIVE
651,AGGRESSIVE
652,SLOW
653,SLOW
654,SLOW
655,SLOW
656,SLOW
657,SLOW
658,AGGRESSIVE
659,SLOW
660,SLOW
661,AGGRESSIVE
662,SLOW
663,SLOW
664,AGGRESSIVE
665,SLOW
666,SLOW
667,AGGRESSIVE
668,AGGRESSIVE
669,SLOW
670,SLOW
671,AGGRESSIVE
672,SLOW
673,AGGRESSIVE
674,AGGRESSIVE
675,SLOW
676,AGGRESSIVE
677,SLOW
678,SLOW
679,SLOW
680,AGGRESSIVE
681,SLOW
682,AGGRESSIVE
683,AGGRESSIVE
684,AGGRESSIVE
685,AGGRESSIVE
686,AGGRESSIVE
687,SLOW
688,SLOW
689,SLOW
690,SLOW
691,SLOW
692,SLOW
693,SLOW
694,SLOW
695,SLOW
696,SLOW
697,SLOW
698,SLOW
699,AGGRESSIVE
700,SLOW
701,SLOW
702,AGGRESSIVE
703,SLOW
704,SLOW
705,SLOW
706,SLOW
707,SLOW
708,AGGRESSIVE
709,SLOW
710,SLOW
711,SLOW
712,SLOW
713,SLOW
714,AGGRESSIVE
715,SLOW
716,SLOW
717,SLOW
718,SLOW
719,AGGRESSIVE
720,AGGRESSIVE
721,SLOW
722,SLOW
723,SLOW
724,SLOW
725,SLOW
726,AGGRESSIVE
727,SLOW
728,SLOW
729,SLOW
730,SLOW
731,SLOW
732,SLOW
733,SLOW
734,SLOW
735,SLOW
736,SLOW
737,AGGRESSIVE
738,SLOW
739,AGGRESSIVE
740,SLOW
741,SLOW
742,AGGRESSIVE
743,AGGRESSIVE
744,AGGRESSIVE
745,SLOW
746,SLOW
747,AGGRESSIVE
748,AGGRESSIVE
749,SLOW
750,AGGRESSIVE
751,SLOW
752,AGGRESSIVE
753,SLOW
754,SLOW
755,SLOW
756,SLOW
757,SLOW
758,SLOW
759,SLOW
760,AGGRESSIVE
761,SLOW
762,SLOW
763,SLOW
764,AGGRESSIVE
765,SLOW
766,SLOW
767,SLOW
768,SLOW
769,AGGRESSIVE
770,AGGRESSIVE
771,AGGRESSIVE
772,SLOW
773,SLOW
774,SLOW
775,SLOW
776,AGGRESSIVE
777,AGGRESSIVE
778,SLOW
779,SLOW
780,SLOW
781,SLOW
782,SLOW
783,SLOW
784,SLOW
785,SLOW
786,SLOW
787,SLOW
788,SLOW
789,SLOW
790,SLOW
791,AGGRESSIVE
792,SLOW
793,SLOW
794,SLOW
795,SLOW
796,SLOW
797,SLOW
798,SLOW
799,SLOW
800,SLOW
801,SLOW
802,AGGRESSIVE
803,SLOW
804,AGGRESSIVE
805,AGGRESSIVE
806,SLOW
807,SLOW
808,SLOW
809,SLOW
810,SLOW
811,SLOW
812,SLOW
813,SLOW
814,SLOW
815,SLOW
816,AGGRESSIVE
817,SLOW
818,AGGRESSIVE
819,SLOW
820,SLOW
821,AGGRESSIVE
822,SLOW
823,SLOW
824,SLOW
825,SLOW
826,SLOW
827,SLOW
828,AGGRESSIVE
829,SLOW
830,SLOW
831,SLOW
832,AGGRESSIVE
833,SLOW
834,SLOW
835,SLOW
836,AGGRESSIVE
837,AGGRESSIVE
838,AGGRESSIVE
839,SLOW
840,SLOW
841,AGGRESSIVE
842,AGGRESSIVE
843,SLOW
844,AGGRESSIVE
845,AGGRESSIVE
846,SLOW
847,SLOW
848,SLOW
849,SLOW
850,SLOW
851,AGGRESSIVE
852,SLOW
853,SLOW
854,SLOW
855,SLOW
856,AGGRESSIVE
857,SLOW
858,SLOW
859,SLOW
860,SLOW
861,SLOW
862,SLOW
863,AGGRESSIVE
864,SLOW
865,SLOW
866,AGGRESSIVE
867,AGGRESSIVE
868,AGGRESSIVE
869,SLOW
870,AGGRESSIVE
871,SLOW
872,SLOW
873,SLOW
874,SLOW
875,SLOW
876,SLOW
877,SLOW
878,SLOW
879,AGGRESSIVE
880,AGGRESSIVE
881,SLOW
882,SLOW
883,SLOW
884,SLOW
885,SLOW
886,SLOW
887,SLOW
888,SLOW
889,SLOW
890,SLOW
891,SLOW
892,SLOW
893,AGGRESSIVE
894,SLOW
895,SLOW
896,SLOW
897,SLOW
898,AGGRESSIVE
899,SLOW
900,AGGRESSIVE
901,SLOW
902,AGGRESSIVE
903,AGGRESSIVE
904,AGGRESSIVE
905,SLOW
906,AGGRESSIVE
907,AGGRESSIVE
908,AGGRESSIVE
909,AGGRESSIVE
910,AGGRESSIVE
911,AGGRESSIVE
912,SLOW
913,SLOW
914,AGGRESSIVE
915,SLOW
916,AGGRESSIVE
917,AGGRESSIVE
918,SLOW
919,SLOW
920,SLOW
921,SLOW
922,AGGRESSIVE
923,AGGRESSIVE
924,AGGRESSIVE
925,AGGRESSIVE
926,AGGRESSIVE
927,AGGRESSIVE
928,AGGRESSIVE
929,AGGRESSIVE
930,SLOW
931,SLOW
932,SLOW
933,SLOW
934,SLOW
935,SLOW
936,SLOW
937,SLOW
938,SLOW
939,SLOW
940,SLOW
941,SLOW
942,SLOW
943,SLOW
944,SLOW
945,SLOW
946,SLOW
947,SLOW
948,SLOW
949,SLOW
950,SLOW
951,SLOW
952,SLOW
953,SLOW
954,AGGRESSIVE
955,SLOW
956,SLOW
957,SLOW
958,SLOW
959,SLOW
960,SLOW
961,SLOW
962,SLOW
963,SLOW
964,SLOW
965,SLOW
966,SLOW
967,SLOW
968,SLOW
969,SLOW
970,SLOW
971,AGGRESSIVE
972,SLOW
973,SLOW
974,SLOW
975,AGGRESSIVE
976,SLOW
977,SLOW
978,SLOW
979,AGGRESSIVE
980,SLOW
981,AGGRESSIVE
982,SLOW
983,AGGRESSIVE
984,SLOW
985,AGGRESSIVE
986,SLOW
987,AGGRESSIVE
988,AGGRESSIVE
989,SLOW
990,SLOW
991,SLOW
992,SLOW
993,SLOW
994,AGGRESSIVE
995,SLOW
996,AGGRESSIVE
997,SLOW
998,AGGRESSIVE
999,SLOW
1000,SLOW
1001,SLOW
1002,SLOW
1003,SLOW
1004,SLOW
1005,SLOW
1006,SLOW
1007,SLOW
1008,SLOW
1009,SLOW
1010,SLOW
1011,SLOW
1012,SLOW
1013,SLOW
1014,SLOW
1015,SLOW
1016,SLOW
1017,SLOW
1018,SLOW
1019,SLOW
1020,SLOW
1021,AGGRESSIVE
1022,SLOW
1023,SLOW
1024,AGGRESSIVE
1025,SLOW
1026,SLOW
1027,AGGRESSIVE
1028,SLOW
1029,SLOW
1030,AGGRESSIVE
1031,AGGRESSIVE
1032,SLOW
1033,SLOW
1034,AGGRESSIVE
1035,AGGRESSIVE
1036,SLOW
1037,AGGRESSIVE
1038,SLOW
1039,SLOW
1040,SLOW
1041,AGGRESSIVE
1042,AGGRESSIVE
1043,AGGRESSIVE
1044,AGGRESSIVE
1045,AGGRESSIVE
1046,SLOW
1047,SLOW
1048,AGGRESSIVE
1049,SLOW
1050,SLOW
1051,SLOW
1052,SLOW
1053,SLOW
1054,AGGRESSIVE
1055,AGGRESSIVE
1056,SLOW
1057,AGGRESSIVE
1058,AGGRESSIVE
1059,AGGRESSIVE
1060,AGGRESSIVE
1061,SLOW
1062,SLOW
1063,AGGRESSIVE
1064,SLOW
1065,SLOW
1066,SLOW
1067,AGGRESSIVE
1068,SLOW
1069,SLOW
1070,SLOW
1071,AGGRESSIVE
1072,SLOW
1073,AGGRESSIVE
1074,AGGRESSIVE
1075,SLOW
1076,SLOW
1077,SLOW
1078,SLOW
1079,SLOW
1080,SLOW
1081,AGGRESSIVE
1082,SLOW
1083,SLOW
1084,SLOW
1085,SLOW
1086,SLOW
1087,AGGRESSIVE
1088,SLOW
1089,SLOW
1090,SLOW
1091,SLOW
1092,SLOW
1093,SLOW
1094,SLOW
1095,SLOW
1096,SLOW
1097,AGGRESSIVE
1098,SLOW
1099,SLOW
1100,AGGRESSIVE
1101,AGGRESSIVE
1102,SLOW
1103,AGGRESSIVE
1104,AGGRESSIVE
1105,SLOW
1106,SLOW
1107,SLOW
1108,SLOW
1109,AGGRESSIVE
1110,AGGRESSIVE
1111,SLOW
1112,AGGRESSIVE
1113,AGGRESSIVE
1114,SLOW
1115,SLOW
1116,SLOW
1117,SLOW
1118,SLOW
1119,SLOW
1120,SLOW
1121,SLOW
1122,SLOW
1123,SLOW
1124,SLOW
1125,SLOW
1126,SLOW
1127,SLOW
1128,SLOW
1129,AGGRESSIVE
1130,SLOW
1131,SLOW
1132,AGGRESSIVE
1133,SLOW
1134,SLOW
1135,SLOW
1136,SLOW
1137,SLOW
1138,SLOW
1139,SLOW
1140,SLOW
1141,SLOW
1142,SLOW
1143,SLOW
1144,SLOW
1145,SLOW
1146,SLOW
1147,AGGRESSIVE
1148,SLOW
1149,SLOW
1150,SLOW
1151,SLOW
1152,SLOW
1153,SLOW
1154,SLOW
1155,SLOW
1156,SLOW
1157,SLOW
1158,SLOW
1159,SLOW
1160,SLOW
1161,SLOW
1162,SLOW
1163,SLOW
1164,SLOW
1165,SLOW
1166,SLOW
1167,SLOW
1168,SLOW
1169,SLOW
1170,SLOW
1171,SLOW
1172,SLOW
1173,SLOW
1174,SLOW
1175,SLOW
1176,SLOW
1177,AGGRESSIVE
1178,AGGRESSIVE
1179,AGGRESSIVE
1180,AGGRESSIVE
1181,AGGRESSIVE
1182,SLOW
1183,SLOW
1184,SLOW
1185,AGGRESSIVE
1186,AGGRESSIVE
1187,SLOW
1188,SLOW
1189,SLOW
1190,SLOW
1191,SLOW
1192,SLOW
1193,SLOW
1194,SLOW
1195,AGGRESSIVE
1196,AGGRESSIVE
1197,SLOW
1198,AGGRESSIVE
1199,AGGRESSIVE
1200,AGGRESSIVE
1201,AGGRESSIVE
1202,AGGRESSIVE
1203,SLOW
1204,SLOW
1205,SLOW
1206,AGGRESSIVE
1207,SLOW
1208,SLOW
1209,AGGRESSIVE
1210,SLOW
1211,SLOW
1212,SLOW
1213,SLOW
1214,SLOW
1215,AGGRESSIVE
1216,SLOW
1217,SLOW
1218,SLOW
1219,SLOW
1220,SLOW
1221,SLOW
1222,SLOW
1223,SLOW
1224,SLOW
1225,SLOW
1226,SLOW
1227,SLOW
1228,AGGRESSIVE
1229,SLOW
1230,AGGRESSIVE
1231,SLOW
1232,SLOW
1233,SLOW
1234,AGGRESSIVE
1235,SLOW
1236,SLOW
1237,SLOW
1238,SLOW
1239,SLOW
1240,SLOW
1241,AGGRESSIVE
1242,AGGRESSIVE
1243,AGGRESSIVE
1244,SLOW
1245,SLOW
1246,SLOW
1247,SLOW
1248,SLOW
1249,SLOW
1250,SLOW
1251,SLOW
1252,SLOW
1253,AGGRESSIVE
1254,SLOW
1255,AGGRESSIVE
1256,AGGRESSIVE
1257,SLOW
1258,AGGRESSIVE
1259,SLOW
1260,SLOW
1261,SLOW
1262,AGGRESSIVE
1263,AGGRESSIVE
1264,AGGRESSIVE
1265,AGGRESSIVE
1266,AGGRESSIVE
1267,AGGRESSIVE
1268,SLOW
1269,AGGRESSIVE
1270,AGGRESSIVE
1271,SLOW
1272,SLOW
1273,SLOW
1274,AGGRESSIVE
1275,AGGRESSIVE
1276,SLOW
1277,SLOW
1278,SLOW
1279,AGGRESSIVE
1280,SLOW
1281,SLOW
1282,SLOW
1283,SLOW
1284,AGGRESSIVE
1285,AGGRESSIVE
1286,AGGRESSIVE
1287,AGGRESSIVE
1288,AGGRESSIVE
1289,AGGRESSIVE
1290,SLOW
1291,AGGRESSIVE
1292,AGGRESSIVE
1293,SLOW
1294,AGGRESSIVE
1295,SLOW
1296,SLOW
1297,SLOW
1298,SLOW
1299,AGGRESSIVE
1300,SLOW
1301,SLOW
1302,AGGRESSIVE
1303,AGGRESSIVE
1304,AGGRESSIVE
1305,SLOW
1306,SLOW
1307,AGGRESSIVE
1308,SLOW
1309,SLOW
1310,SLOW
1311,SLOW
1312,SLOW
1313,SLOW
1314,SLOW
1315,SLOW
1316,AGGRESSIVE
1317,AGGRESSIVE
1318,AGGRESSIVE
1319,SLOW
1320,SLOW
1321,SLOW
1322,SLOW
1323,SLOW
1324,SLOW
1325,SLOW
1326,SLOW
1327,SLOW
1328,AGGRESSIVE
1329,AGGRESSIVE
1330,AGGRESSIVE
1331,AGGRESSIVE
1332,AGGRESSIVE
1333,SLOW
1334,SLOW
1335,SLOW
1336,AGGRESSIVE
1337,SLOW
1338,AGGRESSIVE
1339,AGGRESSIVE
1340,AGGRESSIVE
1341,AGGRESSIVE
1342,SLOW
1343,AGGRESSIVE
1344,SLOW
1345,AGGRESSIVE
1346,AGGRESSIVE
1347,AGGRESSIVE
1348,SLOW
1349,SLOW
1350,SLOW
1351,SLOW
1352,AGGRESSIVE
1353,AGGRESSIVE
1354,AGGRESSIVE
1355,SLOW
1356,SLOW
1357,SLOW
1358,SLOW
1359,SLOW
1360,SLOW
1361,SLOW
1362,AGGRESSIVE
1363,SLOW
1364,SLOW
1365,SLOW
1366,AGGRESSIVE
1367,AGGRESSIVE
1368,SLOW
1369,SLOW
1370,SLOW
1371,SLOW
1372,SLOW
1373,SLOW
1374,AGGRESSIVE
1375,AGGRESSIVE
1376,AGGRESSIVE
1377,SLOW
1378,SLOW
1379,SLOW
1380,SLOW
1381,SLOW
1382,SLOW
1383,SLOW
1384,SLOW
1385,AGGRESSIVE
1386,AGGRESSIVE
1387,AGGRESSIVE
1388,AGGRESSIVE
1389,AGGRESSIVE
1390,SLOW
1391,SLOW
1392,SLOW
1393,SLOW
1394,SLOW
1395,SLOW
1396,SLOW
1397,SLOW
1398,SLOW
1399,SLOW
1400,SLOW
1401,SLOW
1402,SLOW
1403,SLOW
1404,AGGRESSIVE
1405,SLOW
1406,SLOW
1407,SLOW
1408,SLOW
1409,SLOW
1410,AGGRESSIVE
1411,SLOW
1412,SLOW
1413,SLOW
1414,AGGRESSIVE
1415,AGGRESSIVE
1416,AGGRESSIVE
1417,SLOW
1418,SLOW
1419,SLOW
1420,SLOW
1421,SLOW
1422,AGGRESSIVE
1423,SLOW
1424,SLOW
1425,SLOW
1426,SLOW
1427,AGGRESSIVE
1428,AGGRESSIVE
1429,AGGRESSIVE
1430,SLOW
1431,AGGRESSIVE
1432,SLOW
1433,AGGRESSIVE
1434,AGGRESSIVE
1435,AGGRESSIVE
1436,SLOW
1437,SLOW
1438,SLOW
1439,AGGRESSIVE
1440,AGGRESSIVE
1441,SLOW
1442,SLOW
1443,AGGRESSIVE
1444,AGGRESSIVE
1445,AGGRESSIVE
1446,AGGRESSIVE
1447,SLOW
1448,SLOW
1449,SLOW
1450,SLOW
1451,SLOW
1452,SLOW
1453,SLOW
1454,AGGRESSIVE
1455,AGGRESSIVE
1456,AGGRESSIVE
1457,AGGRESSIVE
1458,SLOW
1459,AGGRESSIVE
1460,AGGRESSIVE
1461,AGGRESSIVE
1462,AGGRESSIVE
1463,SLOW
1464,SLOW
1465,SLOW
1466,AGGRESSIVE
1467,SLOW
1468,SLOW
1469,SLOW
1470,SLOW
1471,SLOW
1472,SLOW
1473,SLOW
1474,SLOW
1475,AGGRESSIVE
1476,SLOW
1477,AGGRESSIVE
1478,AGGRESSIVE
1479,SLOW
1480,SLOW
1481,SLOW
1482,SLOW
1483,SLOW
1484,AGGRESSIVE
1485,SLOW
1486,SLOW
1487,SLOW
1488,SLOW
1489,SLOW
1490,SLOW
1491,SLOW
1492,AGGRESSIVE
1493,AGGRESSIVE
1494,SLOW
1495,SLOW
1496,SLOW
1497,AGGRESSIVE
1498,SLOW
1499,AGGRESSIVE
1500,AGGRESSIVE
1501,SLOW
1502,SLOW
1503,SLOW
1504,SLOW
1505,AGGRESSIVE
1506,AGGRESSIVE
1507,AGGRESSIVE
1508,SLOW
1509,SLOW
1510,SLOW
1511,SLOW
1512,SLOW
1513,AGGRESSIVE
1514,SLOW
1515,SLOW
1516,SLOW
1517,AGGRESSIVE
1518,SLOW
1519,SLOW
1520,SLOW
1521,SLOW
1522,SLOW
1523,SLOW
1524,SLOW
1525,AGGRESSIVE
1526,SLOW
1527,SLOW
1528,AGGRESSIVE
1529,SLOW
1530,AGGRESSIVE
1531,AGGRESSIVE
1532,AGGRESSIVE
1533,SLOW
1534,AGGRESSIVE
1535,SLOW
1536,SLOW
1537,SLOW
1538,SLOW
1539,SLOW
1540,SLOW
1541,SLOW
1542,SLOW
1543,SLOW
1544,SLOW
1545,SLOW
1546,SLOW
1547,SLOW
1548,SLOW
1549,SLOW
1550,SLOW
1551,AGGRESSIVE
1552,AGGRESSIVE
1553,AGGRESSIVE
1554,AGGRESSIVE
1555,SLOW
1556,SLOW
1557,SLOW
1558,SLOW
1559,SLOW
1560,SLOW
1561,SLOW
1562,SLOW
1563,SLOW
1564,SLOW
1565,SLOW
1566,SLOW
1567,SLOW
1568,SLOW
1569,AGGRESSIVE
1570,AGGRESSIVE
1571,AGGRESSIVE
1572,SLOW
1573,SLOW
1574,SLOW
1575,AGGRESSIVE
1576,SLOW
1577,AGGRESSIVE
1578,SLOW
1579,AGGRESSIVE
1580,SLOW
1581,SLOW
1582,SLOW
1583,SLOW
1584,SLOW
1585,SLOW
1586,SLOW
1587,SLOW
1588,SLOW
1589,SLOW
1590,SLOW
1591,AGGRESSIVE
1592,AGGRESSIVE
1593,AGGRESSIVE
1594,AGGRESSIVE
1595,SLOW
1596,SLOW
1597,SLOW
1598,SLOW
1599,SLOW
1600,SLOW
1601,AGGRESSIVE
1602,SLOW
1603,SLOW
1604,AGGRESSIVE
1605,AGGRESSIVE
1606,SLOW
1607,AGGRESSIVE
1608,SLOW
1609,SLOW
1610,AGGRESSIVE
1611,AGGRESSIVE
1612,AGGRESSIVE
1613,SLOW
1614,AGGRESSIVE
1615,SLOW
1616,AGGRESSIVE
1617,SLOW
1618,SLOW
1619,SLOW
1620,SLOW
1621,SLOW
1622,SLOW
1623,AGGRESSIVE
1624,AGGRESSIVE
1625,SLOW
1626,AGGRESSIVE
1627,AGGRESSIVE
1628,SLOW
1629,SLOW
1630,SLOW
1631,SLOW
1632,SLOW
1633,SLOW
1634,AGGRESSIVE
1635,SLOW
1636,SLOW
1637,SLOW
1638,SLOW
1639,SLOW
1640,SLOW
1641,AGGRESSIVE
1642,SLOW
1643,SLOW
1644,SLOW
1645,SLOW
1646,SLOW
1647,SLOW
1648,SLOW
1649,AGGRESSIVE
1650,AGGRESSIVE
1651,SLOW
1652,SLOW
1653,SLOW
1654,SLOW
1655,SLOW
1656,AGGRESSIVE
1657,AGGRESSIVE
1658,SLOW
1659,SLOW
1660,SLOW
1661,SLOW
1662,SLOW
1663,SLOW
1664,SLOW
1665,SLOW
1666,SLOW
1667,SLOW
1668,SLOW
1669,SLOW
1670,SLOW
1671,SLOW
1672,AGGRESSIVE
1673,SLOW
1674,SLOW
1675,SLOW
1676,SLOW
1677,SLOW
1678,SLOW
1679,AGGRESSIVE
1680,SLOW
1681,SLOW
1682,AGGRESSIVE
1683,SLOW
1684,SLOW
1685,SLOW
1686,SLOW
1687,AGGRESSIVE
1688,SLOW
1689,AGGRESSIVE
1690,SLOW
1691,SLOW
1692,SLOW
1693,AGGRESSIVE
1694,SLOW
1695,SLOW
1696,SLOW
1697,SLOW
1698,AGGRESSIVE
1699,SLOW
1700,AGGRESSIVE
1701,SLOW
1702,SLOW
1703,SLOW
1704,SLOW
1705,SLOW
1706,AGGRESSIVE
1707,SLOW
1708,SLOW
1709,SLOW
1710,SLOW
1711,SLOW
1712,SLOW
1713,SLOW
1714,SLOW
1715,SLOW
1716,SLOW
1717,AGGRESSIVE
1718,AGGRESSIVE
1719,SLOW
1720,AGGRESSIVE
1721,AGGRESSIVE
1722,SLOW
1723,SLOW
1724,SLOW
1725,SLOW
1726,SLOW
1727,AGGRESSIVE
1728,SLOW
1729,SLOW
1730,AGGRESSIVE
1731,SLOW
1732,SLOW
1733,SLOW
1734,SLOW
1735,SLOW
1736,SLOW
1737,SLOW
1738,AGGRESSIVE
1739,SLOW
1740,SLOW
1741,SLOW
1742,SLOW
1743,SLOW
1744,SLOW
1745,SLOW
1746,SLOW
1747,SLOW
1748,SLOW
1749,SLOW
1750,SLOW
1751,SLOW
1752,SLOW
1753,SLOW
1754,SLOW
1755,SLOW
1756,SLOW
1757,SLOW
1758,SLOW
1759,SLOW
1760,SLOW
1761,SLOW
1762,SLOW
1763,SLOW
1764,SLOW
1765,SLOW
1766,SLOW
1767,SLOW
1768,SLOW
1769,AGGRESSIVE
1770,SLOW
1771,SLOW
1772,SLOW
1773,SLOW
1774,AGGRESSIVE
1775,AGGRESSIVE
1776,AGGRESSIVE
1777,AGGRESSIVE
1778,AGGRESSIVE
1779,SLOW
1780,AGGRESSIVE
1781,AGGRESSIVE
1782,SLOW
1783,SLOW
1784,SLOW
1785,SLOW
1786,SLOW
1787,SLOW
1788,SLOW
1789,SLOW
1790,AGGRESSIVE
1791,AGGRESSIVE
1792,AGGRESSIVE
1793,AGGRESSIVE
1794,SLOW
1795,SLOW
1796,SLOW
1797,AGGRESSIVE
1798,AGGRESSIVE
1799,SLOW
1800,AGGRESSIVE
1801,AGGRESSIVE
1802,SLOW
1803,SLOW
1804,SLOW
1805,AGGRESSIVE
1806,SLOW
1807,AGGRESSIVE
1808,AGGRESSIVE
1809,AGGRESSIVE
1810,AGGRESSIVE
1811,SLOW
1812,AGGRESSIVE
1813,AGGRESSIVE
1814,AGGRESSIVE
1815,SLOW
1816,AGGRESSIVE
1817,AGGRESSIVE
1818,AGGRESSIVE
1819,AGGRESSIVE
1820,AGGRESSIVE
1821,SLOW
1822,SLOW
1823,AGGRESSIVE
1824,AGGRESSIVE
1825,AGGRESSIVE
1826,SLOW
1827,SLOW
1828,SLOW
1829,AGGRESSIVE
1830,SLOW
1831,SLOW
1832,SLOW
1833,SLOW
1834,SLOW
1835,AGGRESSIVE
1836,SLOW
1837,AGGRESSIVE
1838,AGGRESSIVE
1839,SLOW
1840,SLOW
1841,AGGRESSIVE
1842,SLOW
1843,SLOW
1844,SLOW
1845,AGGRESSIVE
1846,SLOW
1847,SLOW
1848,SLOW
1849,AGGRESSIVE
1850,AGGRESSIVE
1851,AGGRESSIVE
1852,AGGRESSIVE
1853,AGGRESSIVE
1854,AGGRESSIVE
1855,SLOW
1856,AGGRESSIVE
1857,AGGRESSIVE
1858,AGGRESSIVE
1859,AGGRESSIVE
1860,AGGRESSIVE
1861,SLOW
1862,SLOW
1863,AGGRESSIVE
1864,AGGRESSIVE
1865,AGGRESSIVE
1866,AGGRESSIVE
1867,SLOW
1868,AGGRESSIVE
1869,AGGRESSIVE
1870,AGGRESSIVE
1871,AGGRESSIVE
1872,SLOW
1873,AGGRESSIVE
1874,AGGRESSIVE
1875,AGGRESSIVE
1876,SLOW
1877,AGGRESSIVE
1878,SLOW
1879,SLOW
1880,SLOW
1881,SLOW
1882,AGGRESSIVE
1883,AGGRESSIVE
1884,AGGRESSIVE
1885,SLOW
1886,SLOW
1887,AGGRESSIVE
1888,AGGRESSIVE
1889,AGGRESSIVE
1890,AGGRESSIVE
1891,AGGRESSIVE
1892,AGGRESSIVE
1893,AGGRESSIVE
1894,SLOW
1895,SLOW
1896,SLOW
1897,SLOW
1898,SLOW
1899,AGGRESSIVE
1900,SLOW
1901,SLOW
1902,SLOW
1903,SLOW
1904,AGGRESSIVE
1905,SLOW
1906,AGGRESSIVE
1907,SLOW
1908,SLOW
1909,AGGRESSIVE
1910,AGGRESSIVE
1911,AGGRESSIVE
1912,AGGRESSIVE
1913,AGGRESSIVE
1914,AGGRESSIVE
1915,AGGRESSIVE
1916,SLOW
1917,SLOW
1918,SLOW
1919,SLOW
1920,SLOW
1921,AGGRESSIVE
1922,SLOW
1923,AGGRESSIVE
1924,SLOW
1925,AGGRESSIVE
1926,SLOW
1927,AGGRESSIVE
1928,AGGRESSIVE
1929,AGGRESSIVE
1930,SLOW
1931,SLOW
1932,SLOW
1933,SLOW
1934,AGGRESSIVE
1935,AGGRESSIVE
1936,AGGRESSIVE
1937,SLOW
1938,SLOW
1939,AGGRESSIVE
1940,SLOW
1941,SLOW
1942,AGGRESSIVE
1943,SLOW
1944,SLOW
1945,SLOW
1946,SLOW
1947,SLOW
1948,SLOW
1949,SLOW
1950,SLOW
1951,SLOW
1952,SLOW
1953,AGGRESSIVE
1954,AGGRESSIVE
1955,SLOW
1956,AGGRESSIVE
1957,SLOW
1958,SLOW
1959,SLOW
1960,SLOW
1961,SLOW
1962,AGGRESSIVE
1963,SLOW
1964,SLOW
1965,AGGRESSIVE
1966,SLOW
1967,SLOW
1968,AGGRESSIVE
1969,SLOW
1970,AGGRESSIVE
1971,AGGRESSIVE
1972,AGGRESSIVE
1973,SLOW
1974,AGGRESSIVE
1975,SLOW
1976,SLOW
1977,SLOW
1978,SLOW
1979,SLOW
1980,SLOW
1981,SLOW
1982,SLOW
1983,AGGRESSIVE
1984,AGGRESSIVE
1985,SLOW
1986,SLOW
1987,SLOW
1988,SLOW
1989,SLOW
1990,SLOW
1991,SLOW
1992,SLOW
1993,AGGRESSIVE
1994,SLOW
1995,SLOW
1996,AGGRESSIVE
1997,SLOW
1998,SLOW
1999,SLOW
2000,SLOW
2001,SLOW
2002,SLOW
2003,SLOW
2004,SLOW
2005,SLOW
2006,SLOW
2007,SLOW
2008,AGGRESSIVE
2009,SLOW
2010,SLOW
2011,SLOW
2012,AGGRESSIVE
2013,SLOW
2014,SLOW
2015,AGGRESSIVE
2016,SLOW
2017,SLOW
2018,SLOW
2019,SLOW
2020,SLOW
2021,AGGRESSIVE
2022,AGGRESSIVE
2023,SLOW
2024,AGGRESSIVE
2025,AGGRESSIVE
2026,SLOW
2027,SLOW
2028,SLOW
2029,SLOW
2030,SLOW
2031,SLOW
2032,SLOW
2033,SLOW
2034,SLOW
2035,SLOW
2036,SLOW
2037,SLOW
2038,SLOW
2039,SLOW
2040,SLOW
2041,SLOW
2042,AGGRESSIVE
2043,AGGRESSIVE
2044,AGGRESSIVE
2045,AGGRESSIVE
2046,AGGRESSIVE
2047,SLOW
2048,SLOW
2049,SLOW
2050,AGGRESSIVE
2051,SLOW
2052,SLOW
2053,SLOW
2054,SLOW
2055,AGGRESSIVE
2056,AGGRESSIVE
2057,AGGRESSIVE
2058,AGGRESSIVE
2059,SLOW
2060,SLOW
2061,SLOW
2062,AGGRESSIVE
2063,SLOW
2064,SLOW
2065,SLOW
2066,SLOW
2067,AGGRESSIVE
2068,AGGRESSIVE
2069,AGGRESSIVE
2070,SLOW
2071,AGGRESSIVE
2072,AGGRESSIVE
2073,AGGRESSIVE
2074,AGGRESSIVE
2075,SLOW
2076,AGGRESSIVE
2077,AGGRESSIVE
2078,AGGRESSIVE
2079,SLOW
2080,SLOW
2081,SLOW
2082,SLOW
2083,SLOW
2084,AGGRESSIVE
2085,AGGRESSIVE
2086,SLOW
2087,AGGRESSIVE
2088,AGGRESSIVE
2089,AGGRESSIVE
2090,AGGRESSIVE
2091,SLOW
2092,SLOW
2093,SLOW
2094,SLOW
2095,AGGRESSIVE
2096,AGGRESSIVE
2097,SLOW
2098,AGGRESSIVE
2099,SLOW
2100,AGGRESSIVE
2101,SLOW
2102,SLOW
2103,SLOW
2104,SLOW
2105,AGGRESSIVE
2106,SLOW
2107,AGGRESSIVE
2108,SLOW
2109,SLOW
2110,SLOW
2111,AGGRESSIVE
2112,AGGRESSIVE
2113,AGGRESSIVE
2114,SLOW
2115,SLOW
2116,AGGRESSIVE
2117,AGGRESSIVE
2118,AGGRESSIVE
2119,AGGRESSIVE
2120,AGGRESSIVE
2121,SLOW
2122,AGGRESSIVE
2123,SLOW
2124,SLOW
2125,AGGRESSIVE
2126,AGGRESSIVE
2127,SLOW
2128,SLOW
2129,SLOW
2130,AGGRESSIVE
2131,SLOW
2132,SLOW
2133,AGGRESSIVE
2134,SLOW
2135,SLOW
2136,AGGRESSIVE
2137,AGGRESSIVE
2138,SLOW
2139,AGGRESSIVE
2140,SLOW
2141,SLOW
2142,AGGRESSIVE
2143,SLOW
2144,SLOW
2145,AGGRESSIVE
2146,AGGRESSIVE
2147,SLOW
2148,AGGRESSIVE
2149,SLOW
2150,AGGRESSIVE
2151,SLOW
2152,AGGRESSIVE
2153,SLOW
2154,AGGRESSIVE
2155,AGGRESSIVE
2156,AGGRESSIVE
2157,SLOW
2158,SLOW
2159,SLOW
2160,AGGRESSIVE
2161,AGGRESSIVE
2162,AGGRESSIVE
2163,AGGRESSIVE
2164,SLOW
2165,AGGRESSIVE
2166,SLOW
2167,SLOW
2168,SLOW
2169,AGGRESSIVE
2170,SLOW
2171,SLOW
2172,SLOW
2173,AGGRESSIVE
2174,AGGRESSIVE
2175,AGGRESSIVE
2176,AGGRESSIVE
2177,AGGRESSIVE
2178,AGGRESSIVE
2179,AGGRESSIVE
2180,AGGRESSIVE
2181,AGGRESSIVE
2182,AGGRESSIVE
2183,AGGRESSIVE
2184,AGGRESSIVE
2185,AGGRESSIVE
2186,SLOW
2187,SLOW
2188,AGGRESSIVE
2189,AGGRESSIVE
2190,AGGRESSIVE
2191,AGGRESSIVE
2192,AGGRESSIVE
2193,AGGRESSIVE
2194,AGGRESSIVE
2195,AGGRESSIVE
2196,SLOW
2197,AGGRESSIVE
2198,SLOW
2199,AGGRESSIVE
2200,AGGRESSIVE
2201,AGGRESSIVE
2202,AGGRESSIVE
2203,AGGRESSIVE
2204,SLOW
2205,AGGRESSIVE
2206,AGGRESSIVE
2207,SLOW
2208,SLOW
2209,SLOW
2210,AGGRESSIVE
2211,SLOW
2212,SLOW
2213,AGGRESSIVE
2214,SLOW
2215,AGGRESSIVE
2216,SLOW
2217,SLOW
2218,SLOW
2219,SLOW
2220,AGGRESSIVE
2221,AGGRESSIVE
2222,AGGRESSIVE
2223,AGGRESSIVE
2224,AGGRESSIVE
2225,AGGRESSIVE
2226,SLOW
2227,AGGRESSIVE
2228,SLOW
2229,SLOW
2230,SLOW
2231,AGGRESSIVE
2232,SLOW
2233,SLOW
2234,AGGRESSIVE
2235,SLOW
2236,SLOW
2237,AGGRESSIVE
2238,AGGRESSIVE
2239,AGGRESSIVE
2240,AGGRESSIVE
2241,SLOW
2242,SLOW
2243,SLOW
2244,AGGRESSIVE
2245,SLOW
2246,SLOW
2247,SLOW
2248,SLOW
2249,AGGRESSIVE
2250,SLOW
2251,SLOW
2252,AGGRESSIVE
2253,AGGRESSIVE
2254,AGGRESSIVE
2255,SLOW
2256,SLOW
2257,AGGRESSIVE
2258,SLOW
2259,SLOW
2260,SLOW
2261,SLOW
2262,SLOW
2263,AGGRESSIVE
2264,SLOW
2265,SLOW
2266,SLOW
2267,SLOW
2268,SLOW
2269,SLOW
2270,AGGRESSIVE
2271,AGGRESSIVE
2272,AGGRESSIVE
2273,SLOW
2274,SLOW
2275,AGGRESSIVE
2276,SLOW
2277,AGGRESSIVE
2278,AGGRESSIVE
2279,SLOW
2280,SLOW
2281,SLOW
2282,SLOW
2283,SLOW
2284,SLOW
2285,SLOW
2286,SLOW
2287,AGGRESSIVE
2288,AGGRESSIVE
2289,AGGRESSIVE
2290,SLOW
2291,AGGRESSIVE
2292,AGGRESSIVE
2293,AGGRESSIVE
2294,AGGRESSIVE
2295,AGGRESSIVE
2296,SLOW
2297,AGGRESSIVE
2298,AGGRESSIVE
2299,AGGRESSIVE
2300,SLOW
2301,AGGRESSIVE
2302,AGGRESSIVE
2303,SLOW
2304,SLOW
2305,SLOW
2306,SLOW
2307,SLOW
2308,SLOW
2309,AGGRESSIVE
2310,AGGRESSIVE
2311,SLOW
2312,AGGRESSIVE
2313,SLOW
2314,SLOW
2315,AGGRESSIVE
2316,SLOW
2317,SLOW
2318,SLOW
2319,SLOW
2320,AGGRESSIVE
2321,SLOW
2322,SLOW
2323,AGGRESSIVE
2324,SLOW
2325,AGGRESSIVE
2326,SLOW
2327,SLOW
2328,SLOW
2329,SLOW
2330,SLOW
2331,SLOW
2332,SLOW
2333,SLOW
2334,SLOW
2335,SLOW
2336,SLOW
2337,SLOW
2338,SLOW
2339,AGGRESSIVE
2340,SLOW
2341,SLOW
2342,SLOW
2343,SLOW
2344,SLOW
2345,SLOW
2346,SLOW
2347,SLOW
2348,SLOW
2349,SLOW
2350,SLOW
2351,SLOW
2352,SLOW
2353,SLOW
2354,SLOW
2355,AGGRESSIVE
2356,AGGRESSIVE
2357,AGGRESSIVE
2358,AGGRESSIVE
2359,SLOW
2360,AGGRESSIVE
2361,SLOW
2362,SLOW
2363,SLOW
2364,SLOW
2365,SLOW
2366,SLOW
2367,SLOW
2368,SLOW
2369,SLOW
2370,SLOW
2371,SLOW
2372,SLOW
2373,SLOW
2374,AGGRESSIVE
2375,SLOW
2376,SLOW
2377,SLOW
2378,SLOW
2379,SLOW
2380,SLOW
2381,SLOW
2382,SLOW
2383,SLOW
2384,AGGRESSIVE
2385,SLOW
2386,SLOW
2387,SLOW
2388,AGGRESSIVE
2389,SLOW
2390,SLOW
2391,SLOW
2392,SLOW
2393,SLOW
2394,SLOW
2395,SLOW
2396,SLOW
2397,SLOW
2398,SLOW
2399,SLOW
2400,SLOW
2401,SLOW
2402,SLOW
2403,SLOW
2404,SLOW
2405,SLOW
2406,AGGRESSIVE
2407,SLOW
2408,SLOW
2409,SLOW
2410,SLOW
2411,SLOW
2412,AGGRESSIVE
2413,AGGRESSIVE
2414,SLOW
2415,SLOW
2416,SLOW
2417,SLOW
2418,SLOW
2419,SLOW
2420,SLOW
2421,SLOW
2422,SLOW
2423,SLOW
2424,AGGRESSIVE
2425,AGGRESSIVE
2426,SLOW
2427,SLOW
2428,AGGRESSIVE
2429,AGGRESSIVE
2430,AGGRESSIVE
2431,AGGRESSIVE
2432,AGGRESSIVE
2433,SLOW
2434,SLOW
2435,SLOW
2436,SLOW
2437,SLOW
2438,SLOW
2439,SLOW
2440,SLOW
2441,AGGRESSIVE
2442,AGGRESSIVE
2443,SLOW
2444,SLOW
2445,SLOW
2446,SLOW
2447,SLOW
2448,SLOW
2449,SLOW
2450,SLOW
2451,SLOW
2452,SLOW
2453,SLOW
2454,SLOW
2455,SLOW
2456,SLOW
2457,SLOW
2458,SLOW
2459,AGGRESSIVE
2460,AGGRESSIVE
2461,SLOW
2462,SLOW
2463,SLOW
2464,SLOW
2465,SLOW
2466,AGGRESSIVE
2467,SLOW
2468,SLOW
2469,SLOW
2470,SLOW
2471,SLOW
2472,SLOW
2473,SLOW
2474,SLOW
2475,SLOW
2476,AGGRESSIVE
2477,SLOW
2478,SLOW
2479,SLOW
2480,SLOW
2481,SLOW
2482,SLOW
2483,SLOW
2484,SLOW
2485,SLOW
2486,SLOW
2487,SLOW
2488,AGGRESSIVE
2489,SLOW
2490,SLOW
2491,AGGRESSIVE
2492,SLOW
2493,SLOW
2494,SLOW
2495,SLOW
2496,SLOW
2497,SLOW
2498,SLOW
2499,SLOW
2500,SLOW
2501,SLOW
2502,SLOW
2503,SLOW
2504,SLOW
2505,SLOW
2506,SLOW
2507,SLOW
2508,SLOW
2509,SLOW
2510,SLOW
2511,SLOW
2512,SLOW
2513,SLOW
2514,SLOW
2515,SLOW
2516,AGGRESSIVE
2517,SLOW
2518,SLOW
2519,SLOW
2520,SLOW
2521,SLOW
2522,SLOW
2523,SLOW
2524,SLOW
2525,SLOW
2526,SLOW
2527,SLOW
2528,SLOW
2529,SLOW
2530,SLOW
2531,SLOW
2532,SLOW
2533,SLOW
2534,SLOW
2535,SLOW
2536,SLOW
2537,SLOW
2538,SLOW
2539,SLOW
2540,SLOW
2541,SLOW
2542,SLOW
2543,SLOW
2544,SLOW
2545,SLOW
2546,SLOW
2547,SLOW
2548,SLOW
2549,SLOW
2550,SLOW
2551,SLOW
2552,SLOW
2553,SLOW
2554,SLOW
2555,SLOW
2556,SLOW
2557,SLOW
2558,SLOW
2559,SLOW
2560,SLOW
2561,SLOW
2562,SLOW
2563,SLOW
2564,SLOW
2565,SLOW
2566,SLOW
2567,SLOW
2568,SLOW
2569,SLOW
2570,SLOW
2571,SLOW
2572,SLOW
2573,SLOW
2574,SLOW
2575,SLOW
2576,SLOW
2577,AGGRESSIVE
2578,SLOW
2579,SLOW
2580,AGGRESSIVE
2581,SLOW
2582,SLOW
2583,SLOW
2584,SLOW
2585,SLOW
2586,SLOW
2587,SLOW
2588,SLOW
2589,SLOW
2590,SLOW
2591,SLOW
2592,SLOW
2593,SLOW
2594,AGGRESSIVE
2595,SLOW
2596,SLOW
2597,SLOW
2598,SLOW
2599,SLOW
2600,AGGRESSIVE
2601,SLOW
2602,SLOW
2603,SLOW
2604,SLOW
2605,SLOW
2606,SLOW
2607,SLOW
2608,SLOW
2609,SLOW
2610,SLOW
2611,SLOW
2612,SLOW
2613,AGGRESSIVE
2614,SLOW
2615,SLOW
2616,SLOW
2617,SLOW
2618,AGGRESSIVE
2619,SLOW
2620,SLOW
2621,SLOW
2622,SLOW
2623,SLOW
2624,AGGRESSIVE
2625,AGGRESSIVE
2626,SLOW
2627,SLOW
2628,AGGRESSIVE
2629,SLOW
2630,SLOW
2631,SLOW
2632,SLOW
2633,SLOW
2634,SLOW
2635,SLOW
2636,SLOW
2637,AGGRESSIVE
2638,SLOW
2639,SLOW
2640,SLOW
2641,SLOW
2642,SLOW
2643,AGGRESSIVE
2644,AGGRESSIVE
2645,SLOW
2646,SLOW
2647,SLOW
2648,SLOW
2649,SLOW
2650,SLOW
2651,SLOW
2652,SLOW
2653,SLOW
2654,SLOW
2655,SLOW
2656,SLOW
2657,SLOW
2658,SLOW
2659,SLOW
2660,SLOW
2661,AGGRESSIVE
2662,AGGRESSIVE
2663,SLOW
2664,SLOW
2665,SLOW
2666,SLOW
2667,SLOW
2668,SLOW
2669,SLOW
2670,SLOW
2671,SLOW
2672,SLOW
2673,SLOW
2674,SLOW
2675,SLOW
2676,SLOW
2677,SLOW
2678,SLOW
2679,SLOW
2680,SLOW
2681,SLOW
2682,SLOW
2683,SLOW
2684,SLOW
2685,SLOW
2686,SLOW
2687,SLOW
2688,SLOW
2689,AGGRESSIVE
2690,SLOW
2691,SLOW
2692,SLOW
2693,SLOW
2694,AGGRESSIVE
2695,SLOW
2696,SLOW
2697,SLOW
2698,SLOW
2699,AGGRESSIVE
2700,AGGRESSIVE
2701,SLOW
2702,SLOW
2703,SLOW
2704,AGGRESSIVE
2705,SLOW
2706,SLOW
2707,SLOW
2708,SLOW
2709,SLOW
2710,SLOW
2711,SLOW
2712,AGGRESSIVE
2713,SLOW
2714,SLOW
2715,AGGRESSIVE
2716,SLOW
2717,SLOW
2718,SLOW
2719,SLOW
2720,SLOW
2721,SLOW
2722,SLOW
2723,SLOW
2724,SLOW
2725,SLOW
2726,SLOW
2727,SLOW
2728,SLOW
2729,SLOW
2730,SLOW
2731,SLOW
2732,SLOW
2733,SLOW
2734,SLOW
2735,SLOW
2736,SLOW
2737,SLOW
2738,SLOW
2739,SLOW
2740,SLOW
2741,SLOW
2742,SLOW
2743,SLOW
2744,SLOW
2745,SLOW
2746,SLOW
2747,SLOW
2748,AGGRESSIVE
2749,AGGRESSIVE
2750,SLOW
2751,SLOW
2752,SLOW
2753,SLOW
2754,SLOW
2755,SLOW
2756,SLOW
2757,SLOW
2758,SLOW
2759,SLOW
2760,SLOW
2761,SLOW
2762,SLOW
2763,AGGRESSIVE
2764,SLOW
2765,SLOW
2766,SLOW
2767,SLOW
2768,SLOW
2769,SLOW
2770,SLOW
2771,SLOW
2772,SLOW
2773,SLOW
2774,SLOW
2775,SLOW
2776,SLOW
2777,SLOW
2778,SLOW
2779,SLOW
2780,SLOW
2781,SLOW
2782,SLOW
2783,SLOW
2784,SLOW
2785,SLOW
2786,SLOW
2787,SLOW
2788,SLOW
2789,SLOW
2790,SLOW
2791,SLOW
2792,SLOW
2793,SLOW
2794,AGGRESSIVE
2795,SLOW
2796,SLOW
2797,SLOW
2798,SLOW
2799,SLOW
2800,SLOW
2801,SLOW
2802,SLOW
2803,SLOW
2804,SLOW
2805,SLOW
2806,SLOW
2807,SLOW
2808,SLOW
2809,SLOW
2810,SLOW
2811,AGGRESSIVE
2812,SLOW
2813,SLOW
2814,AGGRESSIVE
2815,SLOW
2816,SLOW
2817,SLOW
2818,SLOW
2819,SLOW
2820,SLOW
2821,SLOW
2822,SLOW
2823,AGGRESSIVE
2824,SLOW
2825,SLOW
2826,SLOW
2827,SLOW
2828,SLOW
2829,SLOW
2830,SLOW
2831,AGGRESSIVE
2832,AGGRESSIVE
2833,SLOW
2834,SLOW
2835,SLOW
2836,SLOW
2837,SLOW
2838,SLOW
2839,SLOW
2840,SLOW
2841,SLOW
2842,SLOW
2843,AGGRESSIVE
2844,SLOW
2845,SLOW
2846,SLOW
2847,SLOW
2848,SLOW
2849,SLOW
2850,SLOW
2851,SLOW
2852,SLOW
2853,SLOW
2854,SLOW
2855,SLOW
2856,SLOW
2857,SLOW
2858,SLOW
2859,SLOW
2860,SLOW
2861,SLOW
2862,SLOW
2863,SLOW
2864,SLOW
2865,SLOW
2866,SLOW
2867,SLOW
2868,SLOW
2869,AGGRESSIVE
2870,SLOW
2871,SLOW
2872,SLOW
2873,SLOW
2874,SLOW
2875,SLOW
2876,SLOW
2877,SLOW
2878,SLOW
2879,SLOW
2880,SLOW
2881,SLOW
2882,SLOW
2883,SLOW
2884,SLOW
2885,SLOW
2886,SLOW
2887,SLOW
2888,SLOW
2889,SLOW
2890,SLOW
2891,SLOW
2892,SLOW
2893,SLOW
2894,SLOW
2895,SLOW
2896,SLOW
2897,SLOW
2898,SLOW
2899,AGGRESSIVE
2900,SLOW
2901,SLOW
2902,SLOW
2903,SLOW
2904,SLOW
2905,SLOW
2906,SLOW
2907,SLOW
2908,SLOW
2909,SLOW
2910,SLOW
2911,SLOW
2912,SLOW
2913,AGGRESSIVE
2914,SLOW
2915,SLOW
2916,SLOW
2917,SLOW
2918,SLOW
2919,SLOW
2920,SLOW
2921,SLOW
2922,SLOW
2923,AGGRESSIVE
2924,SLOW
2925,SLOW
2926,SLOW
2927,SLOW
2928,SLOW
2929,SLOW
2930,SLOW
2931,SLOW
2932,SLOW
2933,AGGRESSIVE
2934,AGGRESSIVE
2935,SLOW
2936,SLOW
2937,SLOW
2938,SLOW
2939,SLOW
2940,SLOW
2941,SLOW
2942,SLOW
2943,SLOW
2944,SLOW
2945,AGGRESSIVE
2946,AGGRESSIVE
2947,AGGRESSIVE
2948,SLOW
2949,SLOW
2950,AGGRESSIVE
2951,SLOW
2952,SLOW
2953,SLOW
2954,SLOW
2955,SLOW
2956,SLOW
2957,SLOW
2958,SLOW
2959,SLOW
2960,AGGRESSIVE
2961,SLOW
2962,SLOW
2963,SLOW
2964,AGGRESSIVE
2965,SLOW
2966,SLOW
2967,AGGRESSIVE
2968,AGGRESSIVE
2969,SLOW
2970,SLOW
2971,SLOW
2972,AGGRESSIVE
2973,AGGRESSIVE
2974,SLOW
2975,AGGRESSIVE
2976,SLOW
2977,SLOW
2978,SLOW
2979,SLOW
2980,SLOW
2981,SLOW
2982,SLOW
2983,SLOW
2984,SLOW
2985,SLOW
2986,SLOW
2987,SLOW
2988,SLOW
2989,SLOW
2990,SLOW
2991,AGGRESSIVE
2992,SLOW
2993,AGGRESSIVE
2994,SLOW
2995,SLOW
2996,SLOW
2997,SLOW
2998,SLOW
2999,SLOW
3000,SLOW
3001,AGGRESSIVE
3002,AGGRESSIVE
3003,AGGRESSIVE
3004,SLOW
3005,SLOW
3006,SLOW
3007,SLOW
3008,SLOW
3009,SLOW
3010,SLOW
3011,SLOW
3012,SLOW
3013,SLOW
3014,SLOW
3015,SLOW
3016,SLOW
3017,SLOW
3018,SLOW
3019,SLOW
3020,SLOW
3021,SLOW
3022,SLOW
3023,SLOW
3024,AGGRESSIVE
3025,SLOW
3026,SLOW
3027,SLOW
3028,SLOW
3029,SLOW
3030,SLOW
3031,SLOW
3032,SLOW
3033,SLOW
3034,AGGRESSIVE
3035,SLOW
3036,SLOW
3037,SLOW
3038,SLOW
3039,SLOW
3040,SLOW
3041,SLOW
3042,SLOW
3043,AGGRESSIVE
3044,SLOW
3045,SLOW
3046,AGGRESSIVE
3047,SLOW
3048,SLOW
3049,SLOW
3050,AGGRESSIVE
3051,SLOW
3052,SLOW
3053,SLOW
3054,SLOW
3055,AGGRESSIVE
3056,AGGRESSIVE
3057,SLOW
3058,AGGRESSIVE
3059,SLOW
3060,SLOW
3061,SLOW
3062,SLOW
3063,AGGRESSIVE
3064,SLOW
3065,SLOW
3066,SLOW
3067,AGGRESSIVE
3068,SLOW
3069,AGGRESSIVE
3070,SLOW
3071,AGGRESSIVE
3072,SLOW
3073,AGGRESSIVE
3074,SLOW
3075,SLOW
3076,SLOW
3077,SLOW
3078,SLOW
3079,AGGRESSIVE
3080,SLOW
3081,SLOW
3082,SLOW
3083,SLOW
3084,SLOW
3085,SLOW
3086,SLOW
3087,AGGRESSIVE
3088,SLOW
3089,SLOW
3090,SLOW
3091,SLOW
3092,SLOW
3093,SLOW
3094,SLOW
3095,SLOW
3096,SLOW
3097,SLOW
3098,SLOW
3099,SLOW
3100,SLOW
3101,SLOW
3102,AGGRESSIVE
3103,SLOW
3104,SLOW
3105,AGGRESSIVE
3106,AGGRESSIVE
3107,SLOW
3108,SLOW
3109,AGGRESSIVE
3110,SLOW
3111,SLOW
3112,AGGRESSIVE
3113,SLOW
3114,SLOW
3115,SLOW
3116,SLOW
3117,SLOW
3118,SLOW
3119,SLOW
3120,SLOW
3121,SLOW
3122,AGGRESSIVE
3123,SLOW
3124,SLOW
3125,AGGRESSIVE
3126,SLOW
3127,SLOW
3128,SLOW
3129,SLOW
3130,SLOW
3131,SLOW
3132,SLOW
3133,SLOW
3134,SLOW
3135,SLOW
3136,SLOW
3137,SLOW
3138,SLOW
3139,SLOW
3140,AGGRESSIVE
3141,SLOW
3142,SLOW
3143,AGGRESSIVE
3144,SLOW
3145,SLOW
3146,SLOW
3147,SLOW
3148,SLOW
3149,SLOW
3150,SLOW
3151,SLOW
3152,SLOW
3153,SLOW
3154,SLOW
3155,SLOW
3156,SLOW
3157,SLOW
3158,AGGRESSIVE
3159,AGGRESSIVE
3160,AGGRESSIVE
3161,AGGRESSIVE
3162,SLOW
3163,SLOW
3164,AGGRESSIVE
3165,SLOW
3166,SLOW
3167,SLOW
3168,SLOW
3169,AGGRESSIVE
3170,SLOW
3171,SLOW
3172,SLOW
3173,AGGRESSIVE
3174,AGGRESSIVE
3175,AGGRESSIVE
3176,SLOW
3177,SLOW
3178,AGGRESSIVE
3179,SLOW
3180,AGGRESSIVE
3181,SLOW
3182,SLOW
3183,SLOW
3184,SLOW
3185,SLOW
3186,SLOW
3187,SLOW
3188,SLOW
3189,SLOW
3190,SLOW
3191,SLOW
3192,SLOW
3193,SLOW
3194,SLOW
3195,SLOW
3196,SLOW
3197,SLOW
3198,AGGRESSIVE
3199,SLOW
3200,SLOW
3201,AGGRESSIVE
3202,SLOW
3203,SLOW
3204,AGGRESSIVE
3205,SLOW
3206,SLOW
3207,SLOW
3208,SLOW
3209,SLOW
3210,SLOW
3211,SLOW
3212,SLOW
3213,SLOW
3214,SLOW
3215,SLOW
3216,SLOW
3217,SLOW
3218,SLOW
3219,SLOW
3220,SLOW
3221,AGGRESSIVE
3222,SLOW
3223,SLOW
3224,SLOW
3225,SLOW
3226,SLOW
3227,SLOW
3228,SLOW
3229,SLOW
3230,SLOW
3231,AGGRESSIVE
3232,SLOW
3233,SLOW
3234,SLOW
3235,SLOW
3236,SLOW
3237,SLOW
3238,SLOW
3239,SLOW
3240,SLOW
3241,SLOW
3242,SLOW
3243,SLOW
3244,SLOW
3245,SLOW
3246,SLOW
3247,SLOW
3248,SLOW
3249,SLOW
3250,SLOW
3251,SLOW
3252,AGGRESSIVE
3253,AGGRESSIVE
3254,SLOW
3255,SLOW
3256,SLOW
3257,SLOW
3258,SLOW
3259,SLOW
3260,AGGRESSIVE
3261,SLOW
3262,SLOW
3263,SLOW
3264,SLOW
3265,SLOW
3266,SLOW
3267,SLOW
3268,AGGRESSIVE
3269,SLOW
3270,AGGRESSIVE
3271,SLOW
3272,SLOW
3273,SLOW
3274,SLOW
3275,SLOW
3276,SLOW
3277,SLOW
3278,SLOW
3279,AGGRESSIVE
3280,SLOW
3281,SLOW
3282,SLOW
3283,SLOW
3284,AGGRESSIVE
3285,SLOW
3286,SLOW
3287,SLOW
3288,SLOW
3289,SLOW
3290,SLOW
3291,SLOW
3292,SLOW
3293,SLOW
3294,SLOW
3295,SLOW
3296,SLOW
3297,SLOW
3298,SLOW
3299,SLOW
3300,SLOW
3301,SLOW
3302,SLOW
3303,SLOW
3304,SLOW
3305,SLOW
3306,SLOW
3307,SLOW
3308,SLOW
3309,SLOW
3310,SLOW
3311,SLOW
3312,SLOW
3313,SLOW
3314,SLOW
3315,SLOW
3316,SLOW
3317,SLOW
3318,SLOW
3319,SLOW
3320,SLOW
3321,SLOW
3322,SLOW
3323,SLOW
3324,AGGRESSIVE
3325,SLOW
3326,SLOW
3327,SLOW
3328,AGGRESSIVE
3329,AGGRESSIVE
3330,SLOW
3331,SLOW
3332,AGGRESSIVE
3333,SLOW
3334,SLOW
3335,SLOW
3336,SLOW
3337,AGGRESSIVE
3338,SLOW
3339,SLOW
3340,AGGRESSIVE
3341,AGGRESSIVE
3342,SLOW
3343,AGGRESSIVE
3344,SLOW
3345,SLOW
3346,SLOW
3347,AGGRESSIVE
3348,SLOW
3349,SLOW
3350,AGGRESSIVE
3351,SLOW
3352,SLOW
3353,SLOW
3354,AGGRESSIVE
3355,SLOW
3356,SLOW
3357,SLOW
3358,SLOW
3359,SLOW
3360,SLOW
3361,AGGRESSIVE
3362,SLOW
3363,SLOW
3364,SLOW
3365,SLOW
3366,SLOW
3367,SLOW
3368,SLOW
3369,SLOW
3370,SLOW
3371,SLOW
3372,SLOW
3373,SLOW
3374,SLOW
3375,SLOW
3376,SLOW
3377,SLOW
3378,SLOW
3379,SLOW
3380,SLOW
3381,SLOW
3382,SLOW
3383,SLOW
3384,SLOW
3385,SLOW
3386,SLOW
3387,SLOW
3388,SLOW
3389,AGGRESSIVE
3390,SLOW
3391,SLOW
3392,SLOW
3393,SLOW
3394,SLOW
3395,SLOW
3396,AGGRESSIVE
3397,AGGRESSIVE
3398,AGGRESSIVE
3399,SLOW
3400,SLOW
3401,SLOW
3402,AGGRESSIVE
3403,SLOW
3404,SLOW
3405,SLOW
3406,SLOW
3407,SLOW
3408,SLOW
3409,SLOW
3410,SLOW
3411,SLOW
3412,SLOW
3413,AGGRESSIVE
3414,SLOW
3415,SLOW
3416,SLOW
3417,SLOW
3418,SLOW
3419,SLOW
3420,SLOW
3421,SLOW
3422,SLOW
3423,SLOW
3424,SLOW
3425,SLOW
3426,SLOW
3427,SLOW
3428,AGGRESSIVE
3429,SLOW
3430,SLOW
3431,SLOW
3432,SLOW
3433,SLOW
3434,SLOW
3435,SLOW
3436,SLOW
3437,SLOW
3438,SLOW
3439,SLOW
3440,AGGRESSIVE
3441,SLOW
3442,SLOW
3443,SLOW
3444,SLOW
3445,SLOW
3446,SLOW
3447,SLOW
3448,AGGRESSIVE
3449,SLOW
3450,SLOW
3451,SLOW
3452,SLOW
3453,SLOW
3454,SLOW
3455,AGGRESSIVE
3456,SLOW
3457,SLOW
3458,AGGRESSIVE
3459,AGGRESSIVE
3460,SLOW
3461,SLOW
3462,SLOW
3463,SLOW
3464,SLOW
3465,SLOW
3466,SLOW
3467,AGGRESSIVE
3468,SLOW
3469,SLOW
3470,SLOW
3471,SLOW
3472,SLOW
3473,SLOW
3474,SLOW
3475,SLOW
